Date,Open,High,Low,Close,Volume,Dividends,Stock Splits
2021-12-23,11.95,12.03,11.95,12.03,1404000,0.0,0.0
2021-12-27,11.85,12.12,11.85,12.11,2470500,0.0,0.0
2021-12-28,11.79,11.9,11.79,11.81,1528000,0.0,0.0
2021-12-29,11.67,11.85,11.67,11.75,798000,0.0,0.0
2021-12-30,11.52,11.6,11.48,11.57,1750000,0.0,0.0
2021-12-31,11.52,11.58,11.51,11.53,1247000,0.0,0.0
2022-01-03,11.65,11.83,11.51,11.55,1986500,0.0,0.0
2022-01-04,11.61,11.61,11.4,11.51,1287000,0.0,0.0
2022-01-05,11.4,11.41,11.22,11.25,1127500,0.0,0.0
2022-01-06,11.19,11.45,11.17,11.35,1696000,0.0,0.0
2022-01-07,11.46,11.49,11.4,11.48,1455000,0.0,0.0
2022-01-10,11.32,11.55,11.3,11.54,2455500,0.0,0.0
2022-01-11,11.36,11.71,11.36,11.65,1047500,0.0,0.0
2022-01-12,11.58,11.58,11.5,11.56,690000,0.0,0.0
2022-01-13,11.44,11.45,11.28,11.3,1445500,0.0,0.0
2022-01-14,11.25,11.34,11.25,11.29,1167000,0.0,0.0
2022-01-18,11.47,11.55,11.43,11.54,3610000,0.0,0.0
2022-01-19,11.64,11.75,11.5,11.58,3523000,0.0,0.0
2022-01-20,11.91,11.98,11.71,11.83,3325500,0.0,0.0
2022-01-21,11.73,11.89,11.72,11.72,3163500,0.0,0.0
2022-01-24,11.63,11.63,11.35,11.6,3923000,0.0,0.0
2022-01-25,11.64,11.85,11.44,11.64,2522000,0.0,0.0
2022-01-26,12.07,12.2,11.96,12.06,3316500,0.0,0.0
2022-01-27,12.07,12.2,12.07,12.09,3588500,0.0,0.0
2022-01-28,11.91,12.08,11.85,12.07,3951000,0.0,0.0
2022-01-31,12.02,12.13,12.0,12.07,2925000,0.0,0.0
2022-02-01,12.13,12.25,12.13,12.24,1189500,0.0,0.0
2022-02-02,12.46,12.48,12.36,12.38,1139000,0.0,0.0
2022-02-03,12.15,12.42,12.07,12.17,3557500,0.0,0.0
2022-02-04,12.3,12.46,12.3,12.45,972000,0.0,0.0
2022-02-07,12.56,12.61,12.51,12.52,792000,0.0,0.0
2022-02-08,12.45,12.45,12.29,12.38,1297000,0.0,0.0
2022-02-09,12.38,12.51,12.29,12.49,1201000,0.0,0.0
2022-02-10,12.19,12.3,12.11,12.16,2592500,0.0,0.0
2022-02-11,12.2,12.34,12.15,12.24,2506000,0.0,0.0
2022-02-14,12.39,12.39,12.22,12.32,1102500,0.0,0.0
2022-02-15,12.29,12.71,12.29,12.67,2971500,0.0,0.0
2022-02-16,12.64,12.64,12.48,12.55,1481500,0.0,0.0
2022-02-17,12.56,12.6,12.46,12.49,830500,0.0,0.0
2022-02-18,12.55,12.74,12.55,12.62,1261500,0.0,0.0
2022-02-22,12.56,12.56,12.38,12.46,1422000,0.0,0.0
2022-02-23,12.54,12.54,12.3,12.37,1111500,0.0,0.0
2022-02-24,12.03,12.32,12.02,12.31,1925500,0.0,0.0
2022-02-25,12.22,12.28,12.17,12.28,1568500,0.0,0.0
2022-02-28,12.42,12.56,12.42,12.56,2182500,0.0,0.0
2022-03-01,12.44,12.48,12.38,12.4,1903000,0.0,0.0
2022-03-02,12.46,12.51,12.44,12.5,1267000,0.0,0.0
2022-03-03,12.59,12.83,12.54,12.56,1131000,0.0,0.0
2022-03-04,12.54,12.76,12.45,12.51,2577000,0.0,0.0
2022-03-07,12.27,12.4,12.1,12.16,1511000,0.0,0.0
2022-03-08,11.92,12.18,11.84,11.99,1649000,0.0,0.0
2022-03-09,12.59,12.59,12.31,12.46,1913000,0.0,0.0
2022-03-10,12.28,12.49,12.28,12.35,647500,0.0,0.0
2022-03-11,12.38,12.49,12.31,12.34,499000,0.0,0.0
2022-03-14,12.13,12.27,12.09,12.1,1090000,0.0,0.0
2022-03-15,12.09,12.13,12.01,12.09,1885500,0.0,0.0
2022-03-16,12.52,12.74,12.47,12.6,1538000,0.0,0.0
2022-03-17,12.8,12.8,12.52,12.7,800500,0.0,0.0
2022-03-18,12.65,12.76,12.6,12.75,1569000,0.0,0.0
2022-03-21,12.54,12.76,12.54,12.7,1331000,0.0,0.0
2022-03-22,12.66,12.76,12.66,12.76,645500,0.0,0.0
2022-03-23,12.84,13.03,12.84,12.98,1453500,0.0,0.0
2022-03-24,13.08,13.11,13.05,13.08,879500,0.0,0.0
2022-03-25,13.26,13.43,13.21,13.25,1957500,0.0,0.0
2022-03-28,13.04,13.27,13.04,13.26,2193500,0.0,0.0
2022-03-29,13.37,13.48,13.14,13.35,6820500,0.0,0.0
2022-03-30,12.65,12.82,12.64,12.68,5020000,0.0,0.0
2022-03-31,12.62,12.62,12.29,12.43,737500,0.0,0.0
2022-04-01,12.72,12.84,12.72,12.81,1420000,0.0,0.0
2022-04-04,12.84,12.97,12.81,12.91,1013000,0.0,0.0
2022-04-05,12.82,12.82,12.5,12.51,1481000,0.0,0.0
2022-04-06,12.54,12.64,12.54,12.62,1187500,0.0,0.0
2022-04-07,12.62,12.75,12.6,12.62,1285000,0.0,0.0
2022-04-08,12.69,12.7,12.5,12.68,1178500,0.0,0.0
2022-04-11,12.58,12.6,12.51,12.51,1044000,0.0,0.0
2022-04-12,12.61,12.68,12.55,12.58,1330000,0.0,0.0
2022-04-13,12.66,12.75,12.62,12.74,1173500,0.0,0.0
2022-04-14,12.78,12.81,12.51,12.53,1844500,0.0,0.0
2022-04-18,12.48,12.48,12.37,12.39,1377500,0.0,0.0
2022-04-19,12.4,12.53,12.35,12.5,1215000,0.0,0.0
2022-04-20,12.57,12.57,12.29,12.33,2325500,0.0,0.0
2022-04-21,12.34,12.49,12.15,12.19,1668500,0.0,0.0
2022-04-22,12.17,12.22,12.1,12.11,1478000,0.0,0.0
2022-04-25,11.78,12.22,11.78,12.22,1125000,0.0,0.0
2022-04-26,12.05,12.05,11.69,11.7,1047000,0.0,0.0
2022-04-27,11.82,11.84,11.67,11.75,969000,0.0,0.0
2022-04-28,11.65,11.65,11.2,11.36,2369000,0.0,0.0
2022-04-29,11.35,11.46,11.25,11.25,1161500,0.0,0.0
2022-05-02,10.98,11.22,10.92,11.0,2965500,0.0,0.0
2022-05-03,10.87,11.11,10.87,11.05,1510000,0.0,0.0
2022-05-04,11.26,11.27,11.01,11.27,1295000,0.0,0.0
2022-05-05,11.28,11.28,10.85,10.94,4298000,0.0,0.0
2022-05-06,10.81,10.95,10.74,10.86,2323500,0.0,0.0
2022-05-09,10.44,10.67,10.44,10.5,2535000,0.0,0.0
2022-05-10,10.94,11.21,10.36,10.71,5844500,0.0,0.0
2022-05-11,10.93,11.12,10.84,10.84,3613000,0.0,0.0
2022-05-12,10.77,11.08,10.77,10.98,1671500,0.0,0.0
2022-05-13,10.92,11.0,10.92,10.98,1243500,0.0,0.0
2022-05-16,10.65,10.87,10.65,10.78,1340000,0.0,0.0
2022-05-17,10.86,11.08,10.86,10.97,1844500,0.0,0.0
2022-05-18,11.36,11.45,11.19,11.24,2150000,0.0,0.0
2022-05-19,11.25,11.49,11.25,11.38,2281500,0.0,0.0
2022-05-20,11.5,11.5,11.28,11.38,1709500,0.0,0.0
2022-05-23,11.43,11.63,11.43,11.53,1604000,0.0,0.0
2022-05-24,11.53,11.63,11.46,11.53,3346000,0.0,0.0
2022-05-25,10.97,11.17,10.97,11.15,1160500,0.0,0.0
2022-05-26,11.1,11.26,11.1,11.22,832500,0.0,0.0
2022-05-27,10.99,11.1,10.99,11.08,901000,0.0,0.0
2022-05-31,11.13,11.13,10.96,10.98,1201000,0.0,0.0
2022-06-01,11.08,11.19,11.0,11.0,1940500,0.0,0.0
2022-06-02,10.87,10.99,10.87,10.97,2180000,0.0,0.0
2022-06-03,10.71,10.89,10.71,10.75,1653000,0.0,0.0
2022-06-06,10.86,11.04,10.82,10.91,1456500,0.0,0.0
2022-06-07,10.73,10.95,10.73,10.89,1702500,0.0,0.0
2022-06-08,10.71,10.92,10.71,10.79,910500,0.0,0.0
2022-06-09,11.04,11.04,10.88,10.91,1226500,0.0,0.0
2022-06-10,10.86,10.87,10.67,10.69,1591000,0.0,0.0
2022-06-13,10.63,10.63,10.46,10.46,1651500,0.0,0.0
2022-06-14,10.52,10.67,10.36,10.45,2952000,0.0,0.0
2022-06-15,10.27,10.47,10.27,10.42,1305000,0.0,0.0
2022-06-16,10.26,10.39,10.26,10.33,1297000,0.0,0.0
2022-06-17,10.37,10.37,10.25,10.3,1195500,0.0,0.0
2022-06-21,10.66,10.66,10.31,10.47,1107000,0.0,0.0
2022-06-22,10.34,10.54,10.34,10.43,1089000,0.0,0.0
2022-06-23,10.32,10.53,10.31,10.51,1358000,0.0,0.0
2022-06-24,10.76,10.76,10.54,10.7,1094500,0.0,0.0
2022-06-27,10.68,10.68,10.61,10.64,1393500,0.0,0.0
2022-06-28,10.72,10.8,10.67,10.7,975500,0.0,0.0
2022-06-29,10.82,10.82,10.51,10.66,701500,0.0,0.0
2022-06-30,10.43,10.68,10.43,10.63,1001500,0.0,0.0
2022-07-01,10.56,10.56,10.31,10.51,1376000,0.0,0.0
2022-07-05,10.55,10.76,10.54,10.68,893000,0.0,0.0
2022-07-06,10.9,10.9,10.65,10.67,1171000,0.0,0.0
2022-07-07,10.56,10.68,10.56,10.68,1843500,0.0,0.0
2022-07-08,10.3,10.66,10.3,10.57,663500,0.0,0.0
2022-07-11,10.59,10.62,10.57,10.58,1150000,0.0,0.0
2022-07-12,10.57,10.81,10.57,10.75,479000,0.0,0.0
2022-07-13,10.57,10.8,10.57,10.8,832500,0.0,0.0
2022-07-14,10.78,10.78,10.59,10.72,509000,0.0,0.0
2022-07-15,10.77,11.11,10.77,11.1,2085000,0.0,0.0
2022-07-18,11.06,11.2,11.04,11.13,1775500,0.0,0.0
2022-07-19,11.06,11.06,10.85,10.92,775500,0.0,0.0
2022-07-20,10.96,11.2,10.96,11.07,1006000,0.0,0.0
2022-07-21,11.1,11.1,10.98,11.06,805000,0.0,0.0
2022-07-22,11.11,11.19,11.07,11.09,719500,0.0,0.0
2022-07-25,11.1,11.1,10.95,11.0,1216500,0.0,0.0
2022-07-26,10.96,10.96,10.75,10.75,1685500,0.0,0.0
2022-07-27,10.67,11.01,10.67,10.92,478000,0.0,0.0
2022-07-28,11.06,11.06,10.93,11.02,548000,0.0,0.0
2022-07-29,10.92,11.12,10.92,11.06,888500,0.0,0.0
2022-08-01,10.87,11.04,10.86,11.03,611000,0.0,0.0
2022-08-02,11.06,11.06,10.75,10.77,858500,0.0,0.0
2022-08-03,10.41,10.41,10.07,10.32,4409000,0.0,0.0
2022-08-04,10.47,10.59,10.39,10.59,974000,0.0,0.0
2022-08-05,10.96,10.96,10.63,10.68,1468000,0.0,0.0
2022-08-08,10.57,10.61,10.43,10.52,797000,0.0,0.0
2022-08-09,10.31,10.51,10.31,10.39,799000,0.0,0.0
2022-08-10,10.34,10.69,10.34,10.64,892500,0.0,0.0
2022-08-11,10.57,10.72,10.57,10.65,829000,0.0,0.0
2022-08-12,10.43,10.72,10.43,10.65,972000,0.0,0.0
2022-08-15,10.86,10.86,10.61,10.7,1330000,0.0,0.0
2022-08-16,10.82,10.82,10.69,10.74,726000,0.0,0.0
2022-08-17,10.93,11.01,10.84,10.87,1939000,0.0,0.0
2022-08-18,11.03,11.11,11.02,11.08,1823000,0.0,0.0
2022-08-19,11.02,11.02,10.72,10.79,1120500,0.0,0.0
2022-08-22,10.78,10.82,10.71,10.72,1069000,0.0,0.0
2022-08-23,10.84,10.84,10.51,10.73,1010000,0.0,0.0
2022-08-24,10.62,10.63,10.42,10.46,728000,0.0,0.0
2022-08-25,10.59,10.59,10.43,10.52,922000,0.0,0.0
2022-08-26,10.27,10.52,10.27,10.31,2527500,0.0,0.0
2022-08-29,10.27,10.29,10.22,10.22,1350500,0.0,0.0
2022-08-30,10.27,10.27,10.12,10.16,1007000,0.0,0.0
2022-08-31,10.25,10.27,10.08,10.09,608000,0.0,0.0
2022-09-01,10.07,10.1,10.01,10.04,872500,0.0,0.0
2022-09-02,10.04,10.07,9.93,9.93,900000,0.0,0.0
2022-09-06,9.94,10.07,9.88,9.91,3780000,0.0,0.0
2022-09-07,9.92,9.93,9.83,9.92,3389500,0.0,0.0
2022-09-08,10.22,10.22,9.92,9.99,1308500,0.0,0.0
2022-09-09,10.27,10.27,10.04,10.09,1663000,0.0,0.0
2022-09-12,10.23,10.33,10.18,10.23,2204000,0.0,0.0
2022-09-13,10.69,10.76,10.48,10.48,2792000,0.0,0.0
2022-09-14,10.53,10.67,10.53,10.67,1847000,0.0,0.0
2022-09-15,10.57,10.76,10.57,10.7,1219500,0.0,0.0
2022-09-16,10.37,10.56,10.37,10.53,769000,0.0,0.0
2022-09-19,10.38,10.56,10.38,10.56,989000,0.0,0.0
2022-09-20,10.75,10.75,10.49,10.54,2031000,0.0,0.0
2022-09-21,10.34,10.54,10.34,10.44,966000,0.0,0.0
2022-09-22,10.67,10.77,10.57,10.61,1455000,0.0,0.0
2022-09-23,10.44,10.53,10.32,10.39,2296000,0.0,0.0
2022-09-26,10.22,10.31,10.15,10.18,1081500,0.0,0.0
2022-09-27,10.19,10.38,10.19,10.26,2430500,0.0,0.0
2022-09-28,10.27,10.32,10.18,10.3,1207000,0.0,0.0
2022-09-29,10.17,10.47,9.88,10.17,2229500,0.0,0.0
2022-09-30,9.88,10.11,9.83,10.07,2238500,0.0,0.0
2022-10-03,9.75,9.98,9.72,9.9,2915500,0.0,0.0
2022-10-04,10.3,10.76,10.19,10.61,1336500,0.0,5.0
2022-10-05,10.26,10.49,10.08,10.26,1939400,0.0,0.0
2022-10-06,10.37,10.46,9.97,10.21,564000,0.0,0.0
2022-10-07,10.24,10.49,10.03,10.14,783000,0.0,0.0
2022-10-10,10.14,10.18,10.04,10.07,548500,0.0,0.0
2022-10-11,10.02,10.37,9.98,10.01,1754000,0.0,0.0
2022-10-12,9.93,10.09,9.89,10.04,915300,0.0,0.0
2022-10-13,9.88,10.21,9.88,10.18,1520300,0.0,0.0
2022-10-14,10.25,10.27,10.01,10.11,1334900,0.0,0.0
2022-10-17,10.12,10.27,10.09,10.12,1150700,0.0,0.0
2022-10-18,10.12,10.17,9.97,10.07,1233800,0.0,0.0
2022-10-19,9.99,10.11,9.84,9.87,601800,0.0,0.0
2022-10-20,9.89,10.27,9.89,9.92,587900,0.0,0.0
2022-10-21,9.92,10.14,9.67,10.05,570000,0.0,0.0
2022-10-24,10.07,10.12,9.87,9.89,880300,0.0,0.0
2022-10-25,9.65,10.01,9.65,9.97,1240600,0.0,0.0
2022-10-26,9.97,10.22,9.97,10.16,610900,0.0,0.0
2022-10-27,10.02,10.12,9.92,9.94,689900,0.0,0.0
2022-10-28,9.79,10.02,9.78,9.94,984500,0.0,0.0
2022-10-31,9.97,10.26,9.97,9.99,891600,0.0,0.0
2022-11-01,10.08,10.21,9.99,10.02,1056200,0.0,0.0
2022-11-02,9.98,10.37,9.89,10.04,638600,0.0,0.0
2022-11-03,9.98,10.22,9.74,9.97,840600,0.0,0.0
2022-11-04,9.98,10.11,9.92,10.05,838000,0.0,0.0
2022-11-07,10.33,10.35,10.26,10.31,1083900,0.0,0.0
2022-11-08,10.17,10.17,9.77,9.87,2754500,0.0,0.0
2022-11-09,9.88,9.88,9.64,9.69,1258900,0.0,0.0
2022-11-10,9.87,10.15,9.87,10.13,3054600,0.0,0.0
2022-11-11,9.95,10.2,9.95,10.19,949000,0.0,0.0
2022-11-14,9.88,10.11,9.88,10.01,3173900,0.0,0.0
2022-11-15,10.21,10.32,10.14,10.14,803000,0.0,0.0
2022-11-16,10.2,10.27,10.14,10.2,400600,0.0,0.0
2022-11-17,10.27,10.31,10.14,10.3,1008900,0.0,0.0
2022-11-18,10.44,10.47,10.34,10.38,821700,0.0,0.0
2022-11-21,10.17,10.39,10.07,10.24,941000,0.0,0.0
2022-11-22,10.24,10.37,10.24,10.37,703900,0.0,0.0
2022-11-23,10.27,10.53,10.27,10.5,869700,0.0,0.0
2022-11-25,10.43,10.55,10.41,10.5,352800,0.0,0.0
2022-11-28,10.56,10.56,10.38,10.41,866000,0.0,0.0
2022-11-29,10.37,10.48,10.37,10.46,830500,0.0,0.0
2022-11-30,10.5,10.71,10.27,10.6,663700,0.0,0.0
2022-12-01,10.43,10.57,10.43,10.45,795200,0.0,0.0
2022-12-02,10.42,10.49,10.37,10.43,788600,0.0,0.0
2022-12-05,10.29,10.42,10.18,10.21,1147200,0.0,0.0
2022-12-06,10.28,10.39,10.26,10.3,868800,0.0,0.0
2022-12-07,10.24,10.39,10.22,10.38,913900,0.0,0.0
2022-12-08,10.31,10.4,10.25,10.31,966600,0.0,0.0
2022-12-09,10.32,10.33,10.22,10.26,668200,0.0,0.0
2022-12-12,10.25,10.31,10.16,10.21,1248900,0.0,0.0
2022-12-13,10.45,10.51,10.26,10.26,789800,0.0,0.0
2022-12-14,10.43,10.46,10.29,10.36,1142100,0.0,0.0
2022-12-15,10.33,10.33,10.05,10.11,962900,0.0,0.0
2022-12-16,10.0,10.06,9.88,10.01,2901100,0.0,0.0
2022-12-19,10.14,10.14,10.0,10.02,1411700,0.0,0.0
2022-12-20,10.19,10.33,10.18,10.29,1084400,0.0,0.0
2022-12-21,10.41,10.44,10.21,10.31,677700,0.0,0.0
2022-12-22,10.55,10.55,10.29,10.36,982900,0.0,0.0
2022-12-23,10.37,10.42,10.32,10.39,801500,0.0,0.0
2022-12-27,10.39,10.47,10.27,10.28,850900,0.0,0.0
2022-12-28,10.35,10.45,10.24,10.24,935600,0.0,0.0
2022-12-29,10.37,10.43,10.37,10.4,684300,0.0,0.0
2022-12-30,10.27,10.32,10.17,10.29,862900,0.0,0.0
2023-01-03,10.29,10.62,10.17,10.37,1061200,0.0,0.0
2023-01-04,10.52,10.52,10.21,10.24,519600,0.0,0.0
2023-01-05,10.27,10.27,10.13,10.17,885900,0.0,0.0
2023-01-06,10.08,10.33,10.07,10.29,1571900,0.0,0.0
2023-01-09,10.37,10.55,10.31,10.33,1464300,0.0,0.0
2023-01-10,10.28,10.28,10.14,10.22,849800,0.0,0.0
2023-01-11,10.13,10.37,10.07,10.11,1072100,0.0,0.0
2023-01-12,10.33,10.33,10.12,10.26,1315700,0.0,0.0
2023-01-13,10.23,10.36,10.2,10.32,1097600,0.0,0.0
2023-01-17,10.5,10.65,10.48,10.63,2213100,0.0,0.0
2023-01-18,10.67,10.78,10.62,10.63,609800,0.0,0.0
2023-01-19,10.62,10.66,10.5,10.61,859900,0.0,0.0
2023-01-20,10.53,10.62,10.43,10.61,900700,0.0,0.0
2023-01-23,10.5,10.57,10.44,10.53,1130200,0.0,0.0
2023-01-24,10.42,10.54,10.42,10.5,660400,0.0,0.0
2023-01-25,10.53,10.61,10.47,10.57,1061300,0.0,0.0
2023-01-26,10.68,10.71,10.62,10.7,676800,0.0,0.0
2023-01-27,10.71,10.73,10.67,10.71,636400,0.0,0.0
2023-01-30,10.67,10.69,10.52,10.6,992200,0.0,0.0
2023-01-31,10.67,10.72,10.61,10.64,629900,0.0,0.0
2023-02-01,10.56,10.7,10.53,10.69,416400,0.0,0.0
2023-02-02,10.74,10.77,10.57,10.66,944100,0.0,0.0
2023-02-03,10.6,10.7,10.55,10.62,713600,0.0,0.0
2023-02-06,10.6,10.6,10.42,10.45,790200,0.0,0.0
2023-02-07,10.0,10.08,9.91,10.05,2821000,0.0,0.0
2023-02-08,9.78,9.84,9.69,9.79,2819300,0.0,0.0
2023-02-09,10.02,10.02,9.85,9.87,1454600,0.0,0.0
2023-02-10,10.05,10.06,9.91,9.94,922500,0.0,0.0
2023-02-13,9.72,9.81,9.7,9.81,1199400,0.0,0.0
2023-02-14,10.01,10.17,9.78,9.84,1716100,0.0,0.0
2023-02-15,9.84,10.02,9.77,9.85,609800,0.0,0.0
2023-02-16,10.0,10.07,9.93,10.03,603100,0.0,0.0
2023-02-17,10.05,10.11,9.92,10.03,454400,0.0,0.0
2023-02-21,9.87,9.89,9.79,9.89,989500,0.0,0.0
2023-02-22,9.78,9.86,9.71,9.73,887000,0.0,0.0
2023-02-23,9.97,9.97,9.7,9.79,1165600,0.0,0.0
2023-02-24,9.52,9.54,9.43,9.47,1028100,0.0,0.0
2023-02-27,9.44,9.48,9.3,9.31,1878900,0.0,0.0
2023-02-28,9.26,9.27,9.18,9.21,1649900,0.0,0.0
2023-03-01,9.25,9.29,9.18,9.19,1700700,0.0,0.0
2023-03-02,9.23,9.27,9.14,9.25,1247800,0.0,0.0
2023-03-03,9.27,9.43,9.27,9.41,864900,0.0,0.0
2023-03-06,9.44,9.46,9.28,9.28,965500,0.0,0.0
2023-03-07,9.34,9.43,9.21,9.23,1080400,0.0,0.0
2023-03-08,9.31,9.36,9.24,9.28,854000,0.0,0.0
2023-03-09,9.42,9.42,9.28,9.29,885500,0.0,0.0
2023-03-10,9.29,9.39,9.26,9.33,1018100,0.0,0.0
2023-03-13,9.32,9.39,9.32,9.34,843100,0.0,0.0
2023-03-14,9.38,9.38,9.26,9.33,812700,0.0,0.0
2023-03-15,9.36,9.36,9.22,9.28,613700,0.0,0.0
2023-03-16,9.35,9.42,9.3,9.4,1375800,0.0,0.0
2023-03-17,9.53,9.57,9.45,9.48,589100,0.0,0.0
2023-03-20,9.49,9.49,9.39,9.43,442600,0.0,0.0
2023-03-21,9.4,9.49,9.3,9.44,498100,0.0,0.0
2023-03-22,9.44,9.5,9.38,9.38,765600,0.0,0.0
2023-03-23,9.54,9.55,9.47,9.52,597300,0.0,0.0
2023-03-24,9.65,9.65,9.45,9.48,676800,0.0,0.0
2023-03-27,9.6,9.62,9.48,9.53,605400,0.0,0.0
2023-03-28,9.58,9.58,9.43,9.49,707800,0.0,0.0
2023-03-29,9.53,9.7,9.53,9.65,1031300,0.0,0.0
2023-03-30,9.56,9.56,9.43,9.51,1276900,0.0,0.0
2023-03-31,9.58,9.6,9.48,9.57,981400,0.0,0.0
2023-04-03,9.53,9.63,9.49,9.62,956300,0.0,0.0
2023-04-04,10.02,10.11,10.0,10.05,1415800,0.0,0.0
2023-04-05,9.87,9.92,9.78,9.82,1244400,0.0,0.0
2023-04-06,9.78,9.92,9.78,9.88,1273700,0.0,0.0
2023-04-10,10.03,10.16,9.98,10.14,2487100,0.0,0.0
2023-04-11,10.04,10.04,9.96,9.97,1607900,0.0,0.0
2023-04-12,10.07,10.13,10.04,10.08,819600,0.0,0.0
2023-04-13,10.08,10.11,9.95,10.07,1522000,0.0,0.0
2023-04-14,10.32,10.32,10.04,10.09,725900,0.0,0.0
2023-04-17,9.97,10.06,9.96,10.04,1505900,0.0,0.0
2023-04-18,10.21,10.26,10.15,10.17,912000,0.0,0.0
2023-04-19,10.17,10.17,10.02,10.05,1572500,0.0,0.0
2023-04-20,10.19,10.2,10.01,10.06,821900,0.0,0.0
2023-04-21,10.09,10.21,10.09,10.21,1174000,0.0,0.0
2023-04-24,10.19,10.33,10.19,10.3,886800,0.0,0.0
2023-04-25,10.3,10.46,10.3,10.34,1281800,0.0,0.0
2023-04-26,10.32,10.46,10.28,10.29,631900,0.0,0.0
2023-04-27,10.37,10.46,10.32,10.45,771600,0.0,0.0
2023-04-28,10.46,10.48,10.36,10.43,975300,0.0,0.0
2023-05-01,10.3,10.32,10.18,10.22,1221900,0.0,0.0
2023-05-02,10.15,10.2,10.12,10.19,713600,0.0,0.0
2023-05-03,10.22,10.34,10.14,10.3,1012000,0.0,0.0
2023-05-04,10.3,10.39,10.3,10.34,986700,0.0,0.0
2023-05-05,10.36,10.47,10.34,10.43,1173000,0.0,0.0
2023-05-08,10.5,10.53,10.43,10.53,937600,0.0,0.0
2023-05-09,10.15,10.71,10.08,10.6,2617900,0.0,0.0
2023-05-10,10.52,10.52,10.33,10.38,1529200,0.0,0.0
2023-05-11,10.17,10.36,10.17,10.34,4934800,0.0,0.0
2023-05-12,10.55,10.62,10.5,10.55,3234200,0.0,0.0
2023-05-15,10.58,10.63,10.51,10.59,6394600,0.0,0.0
2023-05-16,10.59,10.62,10.56,10.58,2298300,0.0,0.0
2023-05-17,10.71,10.82,10.67,10.8,2626700,0.0,0.0
2023-05-18,10.83,10.86,10.8,10.83,1832400,0.0,0.0
2023-05-19,10.7,10.72,10.63,10.71,1733200,0.0,0.0
2023-05-22,10.79,10.83,10.73,10.73,1288700,0.0,0.0
2023-05-23,10.71,10.71,10.54,10.54,853600,0.0,0.0
2023-05-24,10.49,10.49,10.43,10.44,812700,0.0,0.0
2023-05-25,10.37,10.47,10.37,10.39,1258800,0.0,0.0
2023-05-26,10.42,10.59,10.42,10.55,478800,0.0,0.0
2023-05-30,10.55,10.63,10.47,10.5,1164600,0.0,0.0
2023-05-31,10.37,10.48,10.34,10.44,1481900,0.0,0.0
2023-06-01,10.53,10.62,10.52,10.58,1622100,0.0,0.0
2023-06-02,10.74,10.79,10.71,10.71,762600,0.0,0.0
2023-06-05,10.73,10.73,10.62,10.64,857000,0.0,0.0
2023-06-06,10.78,10.8,10.73,10.74,1033900,0.0,0.0
2023-06-07,10.64,10.73,10.59,10.6,609500,0.0,0.0
2023-06-08,10.56,10.68,10.52,10.67,694400,0.0,0.0
2023-06-09,10.83,10.9,10.8,10.81,1431000,0.0,0.0
2023-06-12,10.81,11.84,10.81,10.86,1156400,0.0,0.0
2023-06-13,10.96,11.0,10.94,10.98,1219400,0.0,0.0
2023-06-14,10.95,10.95,10.76,10.83,815600,0.0,0.0
2023-06-15,10.83,10.94,10.79,10.93,543800,0.0,0.0
2023-06-16,10.95,10.97,10.82,10.83,1072800,0.0,0.0
2023-06-20,10.83,10.85,10.74,10.8,651900,0.0,0.0
2023-06-21,10.8,10.8,10.71,10.77,1128200,0.0,0.0
2023-06-22,10.93,10.99,10.86,10.92,1094900,0.0,0.0
2023-06-23,10.7,10.7,10.58,10.61,581100,0.0,0.0
2023-06-26,10.77,10.79,10.73,10.77,829600,0.0,0.0
2023-06-27,10.97,11.05,10.95,11.01,1329600,0.0,0.0
2023-06-28,11.08,11.23,11.06,11.17,1692900,0.0,0.0
2023-06-29,11.17,11.22,11.16,11.19,954400,0.0,0.0
2023-06-30,11.16,11.3,11.16,11.24,2438800,0.0,0.0
2023-07-03,11.16,11.24,11.14,11.19,398000,0.0,0.0
2023-07-05,11.11,11.19,10.98,11.0,491700,0.0,0.0
2023-07-06,10.86,10.87,10.77,10.83,824300,0.0,0.0
2023-07-07,10.85,11.08,10.85,10.99,513700,0.0,0.0
2023-07-10,11.01,11.02,10.9,10.98,301100,0.0,0.0
2023-07-11,10.96,11.09,10.9,11.08,3482900,0.0,0.0
2023-07-12,11.13,11.32,11.13,11.2,557900,0.0,0.0
2023-07-13,11.41,11.51,11.41,11.46,686400,0.0,0.0
2023-07-14,11.49,11.49,11.21,11.24,809000,0.0,0.0
2023-07-17,11.24,11.28,11.12,11.26,956700,0.0,0.0
2023-07-18,11.26,11.41,11.22,11.39,2382100,0.0,0.0
2023-07-19,11.31,11.41,11.31,11.31,755800,0.0,0.0
2023-07-20,11.4,11.4,11.23,11.26,464500,0.0,0.0
2023-07-21,11.24,11.31,11.21,11.24,372800,0.0,0.0
2023-07-24,11.33,11.37,11.32,11.33,761900,0.0,0.0
2023-07-25,11.11,11.15,11.06,11.08,1135900,0.0,0.0
2023-07-26,10.93,11.03,10.89,10.99,642600,0.0,0.0
2023-07-27,11.09,11.27,11.06,11.07,1005700,0.0,0.0
2023-07-28,11.15,11.31,11.14,11.16,700000,0.0,0.0
2023-07-31,11.21,11.31,11.07,11.14,1278300,0.0,0.0
2023-08-01,10.99,11.05,10.96,10.98,747900,0.0,0.0
2023-08-02,10.86,10.89,10.77,10.77,984300,0.0,0.0
2023-08-03,11.31,11.37,11.0,11.02,2568600,0.0,0.0
2023-08-04,10.69,10.74,10.63,10.64,1736100,0.0,0.0
2023-08-07,10.76,10.78,10.71,10.74,1504200,0.0,0.0
2023-08-08,10.6,10.62,10.51,10.59,2487300,0.0,0.0
2023-08-09,10.57,10.62,10.44,10.47,1404600,0.0,0.0
2023-08-10,10.68,10.72,10.58,10.6,669300,0.0,0.0
2023-08-11,10.6,10.71,10.56,10.57,273300,0.0,0.0
2023-08-14,10.56,10.71,10.56,10.6,751100,0.0,0.0
2023-08-15,10.57,10.74,10.52,10.52,454600,0.0,0.0
2023-08-16,10.61,10.71,10.58,10.59,539200,0.0,0.0
2023-08-17,10.41,10.53,10.33,10.34,912700,0.0,0.0
2023-08-18,10.39,10.4,10.28,10.34,660300,0.0,0.0
2023-08-21,10.3,10.37,10.3,10.37,498800,0.0,0.0
2023-08-22,10.38,10.44,10.3,10.3,454500,0.0,0.0
2023-08-23,10.38,10.51,10.38,10.48,633100,0.0,0.0
2023-08-24,10.32,10.39,10.23,10.23,449800,0.0,0.0
2023-08-25,10.22,10.29,10.17,10.27,268300,0.0,0.0
2023-08-28,10.42,10.5,10.34,10.37,545400,0.0,0.0
2023-08-29,10.38,10.46,10.32,10.45,478600,0.0,0.0
2023-08-30,10.37,10.54,10.37,10.47,528500,0.0,0.0
2023-08-31,10.63,10.71,10.49,10.54,480500,0.0,0.0
2023-09-01,10.63,10.63,10.49,10.55,488100,0.0,0.0
2023-09-05,10.55,10.67,10.44,10.5,552500,0.0,0.0
2023-09-06,10.47,10.58,10.47,10.52,771100,0.0,0.0
2023-09-07,10.57,10.67,10.57,10.6,1441300,0.0,0.0
2023-09-08,10.6,10.71,10.49,10.67,1763000,0.0,0.0
2023-09-11,10.74,10.8,10.63,10.78,867800,0.0,0.0
2023-09-12,10.59,10.75,10.59,10.69,1320400,0.0,0.0
2023-09-13,10.44,10.59,10.44,10.54,439900,0.0,0.0
2023-09-14,10.65,10.72,10.58,10.69,601400,0.0,0.0
2023-09-15,10.57,10.59,10.48,10.49,1022100,0.0,0.0
2023-09-18,10.37,10.51,10.37,10.51,502400,0.0,0.0
2023-09-19,10.71,10.79,10.71,10.71,1452700,0.0,0.0
2023-09-20,10.49,10.5,10.37,10.37,2137700,0.0,0.0
2023-09-21,10.27,10.35,10.18,10.2,1075500,0.0,0.0
2023-09-22,10.22,10.27,10.22,10.24,558600,0.0,0.0
2023-09-25,10.19,10.29,10.19,10.28,726500,0.0,0.0
2023-09-26,10.25,10.31,10.22,10.27,894300,0.0,0.0
2023-09-27,10.22,10.29,10.18,10.23,811300,0.0,0.0
2023-09-28,10.15,10.27,10.07,10.14,1094200,0.0,0.0
2023-09-29,10.34,10.35,10.21,10.22,483500,0.0,0.0
2023-10-02,10.07,10.17,9.96,9.99,750900,0.0,0.0
2023-10-03,10.01,10.11,10.01,10.05,564200,0.0,0.0
2023-10-04,10.06,10.12,10.03,10.09,670600,0.0,0.0
2023-10-05,10.21,10.3,10.19,10.26,865600,0.0,0.0
2023-10-06,10.26,10.37,10.23,10.34,963000,0.0,0.0
2023-10-09,10.25,10.39,10.25,10.37,453200,0.0,0.0
2023-10-10,10.37,10.49,10.37,10.42,737400,0.0,0.0
2023-10-11,10.39,10.51,10.35,10.38,368300,0.0,0.0
2023-10-12,10.37,10.44,10.34,10.35,608600,0.0,0.0
2023-10-13,10.14,10.18,10.07,10.09,398400,0.0,0.0
2023-10-16,10.13,10.24,10.13,10.23,1113900,0.0,0.0
2023-10-17,10.14,10.14,9.98,10.04,887800,0.0,0.0
2023-10-18,9.98,10.05,9.91,9.92,451900,0.0,0.0
2023-10-19,10.04,10.05,9.93,9.96,761300,0.0,0.0
2023-10-20,10.06,10.06,9.91,9.94,839300,0.0,0.0
2023-10-23,9.92,9.99,9.91,9.96,848500,0.0,0.0
2023-10-24,10.0,10.02,9.95,9.98,620900,0.0,0.0
2023-10-25,10.02,10.12,10.02,10.04,475600,0.0,0.0
2023-10-26,9.97,10.05,9.93,9.99,763200,0.0,0.0
2023-10-27,10.12,10.19,10.06,10.1,686000,0.0,0.0
2023-10-30,10.11,10.12,10.02,10.07,822400,0.0,0.0
2023-10-31,10.1,10.23,10.1,10.19,1282400,0.0,0.0
2023-11-01,10.22,10.35,10.22,10.35,691100,0.0,0.0
2023-11-02,10.44,10.48,10.4,10.48,1109500,0.0,0.0
2023-11-03,10.58,10.67,10.56,10.67,511700,0.0,0.0
2023-11-06,10.5,10.56,10.43,10.55,750400,0.0,0.0
2023-11-07,10.56,10.86,10.54,10.84,1605700,0.0,0.0
2023-11-08,11.22,11.4,11.16,11.22,1909500,0.0,0.0
2023-11-09,11.68,11.72,11.52,11.53,1744400,0.0,0.0
2023-11-10,11.23,11.31,11.13,11.26,784900,0.0,0.0
2023-11-13,11.37,11.5,11.37,11.5,4914900,0.0,0.0
2023-11-14,11.62,11.65,11.5,11.61,1021700,0.0,0.0
2023-11-15,11.43,11.55,11.37,11.38,959500,0.0,0.0
2023-11-16,11.38,11.54,11.38,11.52,544800,0.0,0.0
2023-11-17,11.4,11.56,11.37,11.39,612600,0.0,0.0
2023-11-20,11.33,11.33,11.24,11.3,1229200,0.0,0.0
2023-11-21,11.31,11.42,11.31,11.35,917400,0.0,0.0
2023-11-22,11.32,11.57,11.32,11.47,452500,0.0,0.0
2023-11-24,11.23,11.45,11.21,11.34,357300,0.0,0.0
2023-11-27,11.37,11.41,11.34,11.4,685100,0.0,0.0
2023-11-28,11.39,11.41,11.32,11.4,672300,0.0,0.0
2023-11-29,11.37,11.42,11.36,11.39,602600,0.0,0.0
2023-11-30,11.46,11.51,11.41,11.49,495600,0.0,0.0
2023-12-01,11.51,11.63,11.46,11.58,519100,0.0,0.0
2023-12-04,11.44,11.51,11.35,11.41,562400,0.0,0.0
2023-12-05,11.36,11.46,11.36,11.41,469000,0.0,0.0
2023-12-06,11.48,11.56,11.43,11.43,1082200,0.0,0.0
2023-12-07,11.54,11.65,11.54,11.58,856200,0.0,0.0
2023-12-08,11.58,11.65,11.58,11.64,804800,0.0,0.0
2023-12-11,11.6,11.67,11.6,11.64,481000,0.0,0.0
2023-12-12,11.73,11.8,11.65,11.73,689000,0.0,0.0
2023-12-13,11.71,11.91,11.7,11.87,598100,0.0,0.0
2023-12-14,11.81,11.93,11.8,11.93,468000,0.0,0.0
2023-12-15,11.81,11.81,11.64,11.64,1068700,0.0,0.0
2023-12-18,11.82,11.85,11.65,11.75,528700,0.0,0.0
2023-12-19,11.83,11.94,11.82,11.92,829300,0.0,0.0
2023-12-20,11.85,11.94,11.77,11.81,891800,0.0,0.0
2023-12-21,11.85,12.04,11.85,12.04,536200,0.0,0.0
2023-12-22,12.04,12.1,11.95,12.02,500200,0.0,0.0
2023-12-26,12.02,12.14,12.02,12.13,462300,0.0,0.0
2023-12-27,12.16,12.34,12.16,12.32,465000,0.0,0.0
2023-12-28,12.34,12.54,12.32,12.35,564100,0.0,0.0
2023-12-29,12.74,12.83,12.72,12.83,789600,0.0,0.0
2024-01-02,12.81,12.81,12.64,12.64,622200,0.0,0.0
2024-01-03,12.64,12.73,12.44,12.54,439200,0.0,0.0
2024-01-04,12.36,12.36,12.2,12.27,515000,0.0,0.0
2024-01-05,12.27,12.44,12.27,12.33,421300,0.0,0.0
2024-01-08,12.39,12.64,12.3,12.63,1120000,0.0,0.0
2024-01-09,12.84,12.93,12.74,12.9,626500,0.0,0.0
2024-01-10,13.37,13.45,13.26,13.26,1040700,0.0,0.0
2024-01-11,13.3,13.51,13.3,13.44,492600,0.0,0.0
2024-01-12,13.75,13.85,13.75,13.76,954200,0.0,0.0
2024-01-16,13.61,13.66,13.46,13.48,770600,0.0,0.0
2024-01-17,13.18,13.27,13.1,13.17,714700,0.0,0.0
2024-01-18,13.48,13.57,13.39,13.48,911700,0.0,0.0
2024-01-19,13.52,13.6,13.46,13.57,647100,0.0,0.0
2024-01-22,13.46,13.52,13.36,13.43,965500,0.0,0.0
2024-01-23,13.43,13.43,13.31,13.35,474500,0.0,0.0
2024-01-24,13.23,13.31,13.19,13.19,585300,0.0,0.0
2024-01-25,13.26,13.33,13.2,13.28,629800,0.0,0.0
2024-01-26,13.13,13.23,13.13,13.23,456800,0.0,0.0
2024-01-29,13.45,13.53,13.43,13.53,523700,0.0,0.0
2024-01-30,13.66,13.83,13.66,13.75,639300,0.0,0.0
2024-01-31,13.76,13.92,13.72,13.72,420100,0.0,0.0
2024-02-01,13.83,14.04,13.82,14.04,943800,0.0,0.0
2024-02-02,13.92,14.11,13.85,14.11,2172400,0.0,0.0
2024-02-05,13.98,14.04,13.75,13.82,2588400,0.0,0.0
2024-02-06,14.02,14.47,14.02,14.37,2628200,0.0,0.0
2024-02-07,13.98,14.12,13.93,13.99,956200,0.0,0.0
2024-02-08,14.19,14.28,14.11,14.28,862100,0.0,0.0
2024-02-09,14.32,14.42,14.28,14.4,558700,0.0,0.0
2024-02-12,14.42,14.57,14.26,14.29,4037400,0.0,0.0
2024-02-13,14.22,14.23,14.07,14.15,1335800,0.0,0.0
2024-02-14,14.54,14.59,14.44,14.51,2112100,0.0,0.0
2024-02-15,14.67,14.82,14.62,14.75,1112600,0.0,0.0
2024-02-16,14.23,14.41,14.1,14.12,1219200,0.0,0.0
2024-02-20,13.54,13.57,13.35,13.45,1342200,0.0,0.0
2024-02-21,13.68,13.82,13.63,13.82,1099800,0.0,0.0
2024-02-22,13.87,13.9,13.7,13.77,935600,0.0,0.0
2024-02-23,13.83,13.86,13.75,13.79,589500,0.0,0.0
2024-02-26,14.14,14.27,14.06,14.06,1128300,0.0,0.0
2024-02-27,14.0,14.0,13.85,13.87,887600,0.0,0.0
2024-02-28,13.61,13.66,13.56,13.6,880400,0.0,0.0
2024-02-29,13.74,13.83,13.72,13.74,1060600,0.0,0.0
2024-03-01,13.79,13.89,13.79,13.87,1208600,0.0,0.0
2024-03-04,13.66,13.69,13.59,13.62,1421500,0.0,0.0
2024-03-05,13.69,13.78,13.64,13.67,498500,0.0,0.0
2024-03-06,13.73,13.83,13.68,13.73,383700,0.0,0.0
2024-03-07,13.81,13.89,13.79,13.85,369200,0.0,0.0
2024-03-08,13.83,13.83,13.58,13.6,508800,0.0,0.0
2024-03-11,13.72,13.83,13.72,13.78,477000,0.0,0.0
2024-03-12,13.83,13.87,13.65,13.74,328200,0.0,0.0
2024-03-13,13.83,13.83,13.65,13.65,390200,0.0,0.0
2024-03-14,13.63,13.81,13.56,13.61,335000,0.0,0.0
2024-03-15,13.65,13.68,13.53,13.6,370700,0.0,0.0
2024-03-18,13.6,13.7,13.59,13.61,371400,0.0,0.0
2024-03-19,13.55,13.75,13.55,13.74,515800,0.0,0.0
2024-03-20,13.64,13.77,13.64,13.75,353100,0.0,0.0
2024-03-21,13.78,13.78,13.59,13.67,480600,0.0,0.0
2024-03-22,13.59,13.72,13.59,13.67,994600,0.0,0.0
2024-03-25,13.51,13.55,13.4,13.5,410200,0.0,0.0
2024-03-26,13.5,13.58,13.48,13.51,376700,0.0,0.0
2024-03-27,13.69,13.73,13.46,13.51,302500,0.0,0.0
2024-03-28,13.33,13.47,13.33,13.42,698700,0.0,0.0
2024-04-01,13.33,13.38,13.19,13.29,555600,0.0,0.0
2024-04-02,13.16,13.21,13.1,13.16,993600,0.0,0.0
2024-04-03,12.68,12.75,12.64,12.74,676900,0.0,0.0
2024-04-04,12.76,12.84,12.64,12.67,660700,0.0,0.0
2024-04-05,12.59,12.63,12.56,12.61,512900,0.0,0.0
2024-04-08,12.74,12.86,12.72,12.79,479000,0.0,0.0
2024-04-09,12.74,12.79,12.7,12.75,356200,0.0,0.0
2024-04-10,12.59,12.59,12.42,12.47,406600,0.0,0.0
2024-04-11,12.39,12.44,12.32,12.42,771900,0.0,0.0
2024-04-12,12.3,12.44,12.26,12.26,474500,0.0,0.0
2024-04-15,12.26,12.3,12.03,12.04,1031900,0.0,0.0
2024-04-16,11.91,11.99,11.88,11.99,738700,0.0,0.0
2024-04-17,12.12,12.25,12.03,12.07,489400,0.0,0.0
2024-04-18,12.04,12.12,11.97,11.97,672600,0.0,0.0
2024-04-19,11.93,12.04,11.8,11.83,1230400,0.0,0.0
2024-04-22,12.07,12.12,11.91,11.98,434900,0.0,0.0
2024-04-23,11.95,11.97,11.87,11.93,628500,0.0,0.0
2024-04-24,11.93,11.96,11.85,11.89,298800,0.0,0.0
2024-04-25,11.69,11.76,11.62,11.74,1290600,0.0,0.0
2024-04-26,12.01,12.1,11.95,12.1,1511900,0.0,0.0
2024-04-29,12.15,12.2,12.1,12.2,749100,0.0,0.0
2024-04-30,12.18,12.18,12.01,12.03,1854000,0.0,0.0
2024-05-01,11.95,12.05,11.86,11.9,751300,0.0,0.0
2024-05-02,11.9,12.1,11.9,12.1,562600,0.0,0.0
2024-05-03,12.28,12.28,12.13,12.23,293500,0.0,0.0
2024-05-06,12.2,12.32,12.1,12.26,851200,0.0,0.0
2024-05-07,12.04,12.39,12.02,12.25,1457200,0.0,0.0
2024-05-08,11.73,11.78,11.6,11.61,2176700,0.0,0.0
2024-05-09,12.05,12.2,11.96,12.18,3748500,0.0,0.0
2024-05-10,12.43,12.53,12.34,12.46,2236700,0.0,0.0
2024-05-13,12.59,12.78,12.59,12.69,2125700,0.0,0.0
2024-05-14,13.25,13.41,13.2,13.32,2912700,0.0,0.0
2024-05-15,13.21,13.31,13.04,13.24,1624900,0.0,0.0
2024-05-16,13.59,13.65,13.5,13.51,6516100,0.0,0.0
2024-05-17,13.35,13.53,13.35,13.47,1768500,0.0,0.0
2024-05-20,13.38,13.38,13.14,13.21,1590000,0.0,0.0
2024-05-21,13.17,13.43,13.16,13.27,774300,0.0,0.0
2024-05-22,13.09,13.21,13.09,13.16,3964500,0.0,0.0
2024-05-23,13.13,13.17,12.85,12.88,1209300,0.0,0.0
2024-05-24,12.86,13.04,12.86,13.0,837500,0.0,0.0
2024-05-28,12.85,12.96,12.82,12.84,655500,0.0,0.0
2024-05-29,12.84,12.94,12.84,12.85,349700,0.0,0.0
2024-05-30,13.18,13.18,13.04,13.12,335100,0.0,0.0
2024-05-31,13.38,13.5,13.31,13.41,724600,0.0,0.0
2024-06-03,13.48,13.63,13.48,13.56,454000,0.0,0.0
2024-06-04,13.88,14.04,13.88,14.02,1203700,0.0,0.0
2024-06-05,13.85,13.98,13.82,13.91,350100,0.0,0.0
2024-06-06,13.92,14.01,13.86,13.91,330300,0.0,0.0
2024-06-07,13.83,13.83,13.72,13.73,340600,0.0,0.0
2024-06-10,13.62,13.79,13.61,13.78,581900,0.0,0.0
2024-06-11,13.64,13.73,13.5,13.55,511300,0.0,0.0
2024-06-12,13.49,13.63,13.44,13.48,701800,0.0,0.0
2024-06-13,13.11,13.19,13.03,13.08,598800,0.0,0.0
2024-06-14,13.18,13.27,13.17,13.22,513600,0.0,0.0
2024-06-17,13.04,13.28,13.04,13.2,469000,0.0,0.0
2024-06-18,13.62,13.71,13.49,13.62,818800,0.0,0.0
2024-06-20,13.25,13.33,13.09,13.13,654800,0.0,0.0
2024-06-21,13.09,13.12,13.06,13.09,320600,0.0,0.0
2024-06-24,13.13,13.22,13.09,13.1,272400,0.0,0.0
2024-06-25,13.32,13.33,13.24,13.3,404500,0.0,0.0
2024-06-26,13.36,13.38,13.19,13.22,296400,0.0,0.0
2024-06-27,13.18,13.23,13.16,13.21,283600,0.0,0.0
2024-06-28,13.15,13.18,13.08,13.13,494800,0.0,0.0
2024-07-01,13.43,13.43,13.29,13.31,287600,0.0,0.0
2024-07-02,13.63,13.65,13.45,13.62,1502300,0.0,0.0
2024-07-03,13.46,13.6,13.46,13.57,1159700,0.0,0.0
2024-07-05,13.65,13.7,13.49,13.61,318700,0.0,0.0
2024-07-08,13.5,13.53,13.43,13.46,281400,0.0,0.0
2024-07-09,13.58,13.78,13.58,13.59,276400,0.0,0.0
2024-07-10,13.64,13.83,13.64,13.83,930700,0.0,0.0
2024-07-11,13.96,14.09,13.92,13.92,406100,0.0,0.0
2024-07-12,13.8,13.96,13.8,13.92,392800,0.0,0.0
2024-07-15,13.97,13.97,13.83,13.85,335900,0.0,0.0
2024-07-16,13.66,13.76,13.58,13.72,563500,0.0,0.0
2024-07-17,13.61,13.66,13.55,13.59,836200,0.0,0.0
2024-07-18,13.48,13.59,13.41,13.46,1640500,0.0,0.0
2024-07-19,13.45,13.47,13.27,13.27,1035900,0.0,0.0
2024-07-22,13.38,13.47,13.37,13.44,1087800,0.0,0.0
2024-07-23,13.31,13.44,13.29,13.35,386100,0.0,0.0
2024-07-24,13.39,13.58,13.29,13.3,462600,0.0,0.0
2024-07-25,13.3,13.36,13.15,13.17,728200,0.0,0.0
2024-07-26,13.21,13.38,13.21,13.37,485700,0.0,0.0
2024-07-29,13.31,13.55,13.23,13.3,404600,0.0,0.0
2024-07-30,13.36,13.37,13.23,13.35,471200,0.0,0.0
2024-07-31,13.59,13.65,13.42,13.55,1221800,0.0,0.0
2024-08-01,13.27,13.33,12.91,13.05,964500,0.0,0.0
2024-08-02,12.23,12.23,11.7,11.74,2603300,0.0,0.0
2024-08-05,11.22,11.82,11.22,11.73,5740300,0.0,0.0
2024-08-06,12.67,12.67,12.29,12.43,2223700,0.0,0.0
2024-08-07,12.76,13.11,12.72,12.74,796900,0.0,0.0
2024-08-08,12.51,12.85,12.51,12.83,816000,0.0,0.0
2024-08-09,12.89,13.23,12.89,13.07,929200,0.0,0.0
2024-08-12,12.96,13.19,12.96,13.09,602500,0.0,0.0
2024-08-13,12.91,13.13,12.91,13.05,573000,0.0,0.0
2024-08-14,13.23,13.29,13.19,13.21,1037300,0.0,0.0
2024-08-15,13.21,13.26,13.07,13.26,394600,0.0,0.0
2024-08-16,13.28,13.51,13.28,13.41,417500,0.0,0.0
2024-08-19,13.46,13.71,13.46,13.6,328500,0.0,0.0
2024-08-20,13.71,13.71,13.53,13.68,230400,0.0,0.0
2024-08-21,13.78,14.04,13.77,14.04,602000,0.0,0.0
2024-08-22,13.89,14.07,13.84,13.84,359700,0.0,0.0
2024-08-23,13.77,14.04,13.77,14.04,387900,0.0,0.0
2024-08-26,13.78,13.91,13.78,13.83,264800,0.0,0.0
2024-08-27,13.78,13.83,13.59,13.74,240000,0.0,0.0
2024-08-28,13.7,13.7,13.45,13.47,284600,0.0,0.0
2024-08-29,13.41,13.56,13.33,13.36,330400,0.0,0.0
2024-08-30,13.38,13.54,13.35,13.43,310400,0.0,0.0
2024-09-03,13.49,13.5,13.09,13.13,517400,0.0,0.0
2024-09-04,12.94,13.19,12.94,13.19,495400,0.0,0.0
2024-09-05,13.28,13.35,13.26,13.31,582600,0.0,0.0
2024-09-06,13.33,13.38,13.11,13.13,403700,0.0,0.0
2024-09-09,13.13,13.41,13.13,13.35,501600,0.0,0.0
2024-09-10,13.13,13.29,13.13,13.28,421700,0.0,0.0
2024-09-11,13.11,13.26,13.04,13.26,353700,0.0,0.0
2024-09-12,13.25,13.33,13.15,13.32,214700,0.0,0.0
2024-09-13,13.31,13.31,13.18,13.19,248900,0.0,0.0
2024-09-16,13.27,13.38,13.21,13.3,300200,0.0,0.0
2024-09-17,13.34,13.38,13.14,13.16,346800,0.0,0.0
2024-09-18,13.13,13.32,13.05,13.11,431600,0.0,0.0
2024-09-19,13.38,13.49,13.27,13.31,516000,0.0,0.0
2024-09-20,13.36,13.36,13.16,13.2,857000,0.0,0.0
2024-09-23,13.13,13.28,13.09,13.22,573100,0.0,0.0
2024-09-24,13.33,13.33,13.17,13.23,381900,0.0,0.0
2024-09-25,13.22,13.22,12.99,13.04,454600,0.0,0.0
2024-09-26,13.6,13.73,13.52,13.72,377100,0.0,0.0
2024-09-27,13.53,13.6,13.31,13.36,461900,0.0,0.0
2024-09-30,13.33,13.33,13.17,13.21,376200,0.058,0.0
2024-10-01,13.21,13.38,13.04,13.26,578800,0.0,0.0
2024-10-02,13.19,13.19,13.03,13.08,850300,0.0,0.0
2024-10-03,13.02,13.1,12.99,13.02,1380400,0.0,0.0
2024-10-04,13.1,13.13,13.02,13.08,413600,0.0,0.0
2024-10-07,13.54,13.68,13.41,13.47,665400,0.0,0.0
2024-10-08,13.28,13.38,13.26,13.35,949900,0.0,0.0
2024-10-09,13.09,13.19,11.9,13.18,3499900,0.0,0.0
2024-10-10,13.29,13.29,13.09,13.21,942500,0.0,0.0
2024-10-11,13.08,13.28,13.08,13.13,641700,0.0,0.0
2024-10-14,13.04,13.19,13.04,13.07,464400,0.0,0.0
2024-10-15,13.06,13.15,12.99,13.01,773300,0.0,0.0
2024-10-16,13.09,13.27,13.09,13.22,1324600,0.0,0.0
2024-10-17,13.32,13.34,13.1,13.29,1841500,0.0,0.0
2024-10-18,13.11,13.39,13.11,13.37,605600,0.0,0.0
2024-10-21,13.31,13.37,13.19,13.23,583100,0.0,0.0
2024-10-22,13.03,13.31,13.01,13.12,346000,0.0,0.0
2024-10-23,13.01,13.29,12.98,13.03,395800,0.0,0.0
2024-10-24,13.04,13.24,13.04,13.12,265200,0.0,0.0
2024-10-25,12.96,13.18,12.91,13.0,390300,0.0,0.0
2024-10-28,13.14,13.19,13.03,13.19,417300,0.0,0.0
2024-10-29,13.28,13.29,13.1,13.13,423400,0.0,0.0
2024-10-30,13.15,13.15,13.03,13.07,540300,0.0,0.0
2024-10-31,13.15,13.15,13.04,13.11,405800,0.0,0.0
2024-11-01,13.09,13.09,12.91,12.96,413000,0.0,0.0
2024-11-04,13.02,13.13,12.91,12.99,492900,0.0,0.0
2024-11-05,12.47,12.94,12.4,12.76,1419100,0.0,0.0
2024-11-06,13.01,13.23,12.9,13.23,2218800,0.0,0.0
2024-11-07,13.22,13.45,13.08,13.39,2303100,0.0,0.0
2024-11-08,13.39,13.39,13.12,13.26,835700,0.0,0.0
2024-11-11,13.31,13.39,13.26,13.29,855700,0.0,0.0
2024-11-12,13.39,13.39,13.25,13.37,616000,0.0,0.0
2024-11-13,13.0,13.05,12.84,12.89,830000,0.0,0.0
2024-11-14,12.89,13.02,12.89,12.92,1447100,0.0,0.0
2024-11-15,13.02,13.29,13.02,13.13,1801400,0.0,0.0
2024-11-18,13.11,13.21,13.0,13.2,703800,0.0,0.0
2024-11-19,13.0,13.24,13.0,13.1,744100,0.0,0.0
2024-11-20,13.05,13.11,13.02,13.1,504400,0.0,0.0
2024-11-21,13.14,13.22,13.11,13.15,651600,0.0,0.0
2024-11-22,13.12,13.12,12.97,13.06,827600,0.0,0.0
2024-11-25,13.08,13.26,13.08,13.26,678500,0.0,0.0
2024-11-26,13.34,13.4,13.21,13.37,504400,0.0,0.0
2024-11-27,13.79,13.93,13.79,13.85,718200,0.0,0.0
2024-11-29,14.33,14.54,14.33,14.53,806800,0.0,0.0
2024-12-02,14.53,14.65,14.53,14.62,1302200,0.0,0.0
2024-12-03,14.7,14.83,14.7,14.8,754600,0.0,0.0
2024-12-04,14.93,15.25,14.92,15.22,2467100,0.0,0.0
2024-12-05,15.26,15.46,15.23,15.44,1869000,0.0,0.0
2024-12-06,14.96,15.12,14.9,15.08,2113100,0.0,0.0
2024-12-09,15.13,15.22,15.13,15.16,1300800,0.0,0.0
2024-12-10,14.88,14.88,14.73,14.83,2363300,0.0,0.0
2024-12-11,14.89,15.06,14.88,14.97,2223300,0.0,0.0
2024-12-12,14.88,15.03,14.79,14.86,1696100,0.0,0.0
2024-12-13,14.7,14.93,14.69,14.69,717700,0.0,0.0
2024-12-16,14.76,14.82,14.72,14.81,1053200,0.0,0.0
2024-12-17,15.33,15.36,15.23,15.23,782900,0.0,0.0
2024-12-18,15.08,15.08,14.66,14.66,510300,0.0,0.0
2024-12-19,14.84,15.01,14.84,14.93,598000,0.0,0.0
2024-12-20,14.46,14.63,14.34,14.58,1375900,0.0,0.0
2024-12-23,14.63,14.68,14.4,14.53,1707600,0.0,0.0
2024-12-24,14.42,14.62,14.41,14.53,366700,0.0,0.0
2024-12-26,14.52,14.66,14.51,14.52,413200,0.0,0.0
2024-12-27,14.56,14.85,14.54,14.56,427100,0.0,0.0
2024-12-30,14.53,14.56,14.43,14.5,421100,0.0,0.0
2024-12-31,14.55,14.56,14.28,14.51,257500,0.0,0.0
2025-01-02,14.51,14.68,14.37,14.56,892400,0.0,0.0
2025-01-03,14.48,14.75,14.39,14.57,957400,0.0,0.0
2025-01-06,14.57,14.61,14.33,14.42,1600600,0.0,0.0
2025-01-07,14.38,14.57,14.24,14.25,1020400,0.0,0.0
2025-01-08,13.98,14.02,13.83,13.92,1381800,0.0,0.0
2025-01-10,14.39,14.48,14.29,14.3,1040900,0.0,0.0
2025-01-13,14.29,14.48,14.24,14.34,914300,0.0,0.0
2025-01-14,14.72,14.72,14.55,14.66,1812000,0.0,0.0
2025-01-15,15.15,15.24,15.07,15.11,2432300,0.0,0.0
2025-01-16,15.37,15.64,15.22,15.51,3340200,0.0,0.0
2025-01-17,14.68,14.76,14.55,14.69,2221200,0.0,0.0
2025-01-21,14.49,14.57,14.38,14.56,2187400,0.0,0.0
2025-01-22,14.84,15.1,14.84,14.89,1538800,0.0,0.0
2025-01-23,15.03,15.31,15.03,15.22,731700,0.0,0.0
2025-01-24,15.62,15.87,15.58,15.72,3150500,0.0,0.0
2025-01-27,15.47,15.66,15.41,15.49,3152400,0.0,0.0
2025-01-28,16.37,16.45,16.26,16.33,4562000,0.0,0.0
2025-01-29,16.17,16.38,16.04,16.12,3323400,0.0,0.0
2025-01-30,16.75,16.76,16.52,16.56,3664400,0.0,0.0
2025-01-31,16.18,16.42,15.81,16.22,2436700,0.0,0.0
2025-02-03,16.12,16.44,16.12,16.36,2287700,0.0,0.0
2025-02-04,16.12,16.44,15.87,16.31,1478000,0.0,0.0
2025-02-05,17.19,17.31,17.02,17.11,2868800,0.0,0.0
2025-02-06,17.67,17.91,17.67,17.83,2703500,0.0,0.0
2025-02-07,17.64,17.75,17.35,17.41,1836100,0.0,0.0
2025-02-10,17.85,18.03,17.75,17.83,1714800,0.0,0.0
2025-02-11,17.85,17.85,17.66,17.71,2426500,0.0,0.0
2025-02-12,17.72,17.83,17.35,17.58,3142700,0.0,0.0
2025-02-13,17.94,18.27,17.94,18.23,1404100,0.0,0.0
2025-02-14,18.25,18.35,18.14,18.3,3202100,0.0,0.0
2025-02-18,18.59,18.77,18.59,18.75,4315700,0.0,0.0
2025-02-19,19.02,19.31,19.02,19.25,9828100,0.0,0.0
2025-02-20,19.08,19.17,18.91,19.12,7482500,0.0,0.0
2025-02-21,18.87,19.09,18.86,18.97,5377900,0.0,0.0
2025-02-24,18.76,18.96,18.76,18.84,2003100,0.0,0.0
2025-02-25,18.75,19.0,18.75,18.86,4338500,0.0,0.0
2025-02-26,18.46,18.62,18.38,18.52,2870700,0.0,0.0
2025-02-27,18.89,18.89,18.59,18.64,699000,0.0,0.0
2025-02-28,18.21,18.44,18.21,18.43,1516000,0.0,0.0
2025-03-03,18.1,18.43,18.08,18.24,1238300,0.0,0.0
2025-03-04,18.12,18.48,18.1,18.25,1901200,0.0,0.0
2025-03-05,18.49,18.69,18.41,18.67,898600,0.0,0.0
2025-03-06,18.84,18.92,18.58,18.58,2157800,0.0,0.0
2025-03-07,17.36,17.53,17.17,17.5,1339700,0.0,0.0
2025-03-10,16.66,16.75,16.42,16.53,1939900,0.0,0.0
2025-03-11,16.96,17.0,16.72,16.88,1428700,0.0,0.0
2025-03-12,16.9,17.2,16.9,17.01,1644500,0.0,0.0
2025-03-13,16.91,17.08,16.91,17.01,1075700,0.0,0.0
2025-03-14,17.1,17.39,17.03,17.39,892300,0.0,0.0
2025-03-17,17.29,17.35,17.13,17.24,892500,0.0,0.0
2025-03-18,17.18,17.18,16.9,17.11,1521500,0.0,0.0
2025-03-19,17.5,17.85,17.36,17.68,1190100,0.0,0.0
2025-03-20,17.81,17.81,17.55,17.62,545600,0.0,0.0
2025-03-21,18.06,18.09,17.89,18.03,393000,0.0,0.0
2025-03-24,17.8,17.81,17.61,17.71,865400,0.0,0.0
2025-03-25,17.83,18.0,17.81,17.87,621100,0.0,0.0
2025-03-26,18.62,18.76,18.35,18.42,908200,0.0,0.0
2025-03-27,18.04,18.36,17.98,18.1,1251000,0.0,0.0
2025-03-28,17.95,17.96,17.76,17.79,1434200,0.0,0.0
2025-03-31,17.05,17.19,16.8,17.17,3069900,0.147,0.0
2025-04-01,17.17,17.33,16.95,17.14,8021400,0.0,0.0
2025-04-02,17.58,17.79,17.29,17.36,5357900,0.0,0.0
2025-04-03,17.06,17.1,16.59,16.71,9977000,0.0,0.0
2025-04-04,16.65,16.71,15.25,15.89,3303400,0.0,0.0
2025-04-07,15.52,16.5,15.3,16.12,2434800,0.0,0.0
2025-04-08,17.0,17.36,16.27,16.43,1836300,0.0,0.0
2025-04-09,15.87,17.65,15.75,17.48,5201100,0.0,0.0
2025-04-10,17.4,17.67,16.95,17.14,3867700,0.0,0.0
2025-04-11,17.66,17.66,17.16,17.45,1373700,0.0,0.0
2025-04-14,18.02,18.28,17.91,18.22,1274700,0.0,0.0
2025-04-15,18.1,18.19,17.77,17.91,1180900,0.0,0.0
2025-04-16,17.8,17.81,17.34,17.5,1206200,0.0,0.0
2025-04-17,18.24,18.24,17.98,18.06,1217700,0.0,0.0
2025-04-21,18.14,18.21,17.95,17.97,948900,0.0,0.0
2025-04-22,18.16,18.35,18.08,18.19,1178300,0.0,0.0
2025-04-23,18.4,18.73,18.4,18.52,1196700,0.0,0.0
2025-04-24,19.55,19.86,19.55,19.82,3617700,0.0,0.0
2025-04-25,19.76,19.9,19.7,19.88,967200,0.0,0.0
2025-04-28,20.0,20.27,19.93,20.27,1134100,0.0,0.0
2025-04-29,20.2,20.33,20.2,20.23,754700,0.0,0.0
2025-04-30,20.5,20.88,20.31,20.84,1408200,0.0,0.0
2025-05-01,21.02,21.12,20.9,20.9,912500,0.0,0.0
2025-05-02,21.47,21.73,21.12,21.69,1739100,0.0,0.0
2025-05-05,21.49,21.9,21.49,21.9,846500,0.0,0.0
2025-05-06,22.08,22.08,21.55,21.7,1212900,0.0,0.0
2025-05-07,21.49,21.64,21.35,21.52,1007700,0.0,0.0
2025-05-08,20.5,21.55,19.15,20.9,4106600,0.0,0.0
2025-05-09,20.47,20.47,20.1,20.12,1823500,0.0,0.0
2025-05-12,20.25,20.28,19.83,20.09,1108300,0.0,0.0
2025-05-13,20.61,20.69,20.27,20.56,880100,0.0,0.0
2025-05-14,20.0,20.1,19.67,19.74,800700,0.0,0.0
2025-05-15,19.52,19.75,19.41,19.64,467600,0.0,0.0
2025-05-16,19.8,20.17,19.8,20.07,992200,0.0,0.0
2025-05-19,19.9,20.01,19.85,19.95,2370800,0.0,0.0
2025-05-20,19.99,19.99,19.77,19.9,572300,0.0,0.0
2025-05-21,19.69,19.75,19.36,19.4,606300,0.0,0.0
2025-05-22,19.48,19.65,19.35,19.5,442800,0.0,0.0
2025-05-23,20.08,20.55,20.08,20.5,903000,0.0,0.0
2025-05-27,21.05,21.45,20.9,21.01,5127200,0.0,0.0
2025-05-28,21.01,21.27,20.87,20.89,1237800,0.0,0.0
2025-05-29,21.0,21.48,20.93,21.02,1638200,0.0,0.0
2025-05-30,20.44,20.67,20.23,20.44,1070100,0.0,0.0
2025-06-02,20.46,20.63,20.3,20.44,3109300,0.0,0.0
2025-06-03,20.5,20.54,20.3,20.44,1102400,0.0,0.0
2025-06-04,20.75,21.33,20.75,20.98,1483500,0.0,0.0
2025-06-05,20.56,20.86,20.5,20.68,2314900,0.0,0.0
2025-06-06,20.69,20.8,20.64,20.73,1341600,0.0,0.0
2025-06-09,20.87,20.99,20.8,20.95,1109000,0.0,0.0
2025-06-10,20.94,20.94,20.72,20.89,590400,0.0,0.0
2025-06-11,20.2,20.26,20.11,20.17,964800,0.0,0.0
2025-06-12,20.6,20.6,20.33,20.49,722000,0.0,0.0
2025-06-13,20.4,20.93,20.4,20.72,4188200,0.0,0.0
2025-06-16,20.76,20.85,20.61,20.72,1151900,0.0,0.0
2025-06-17,21.34,21.7,21.25,21.57,2613000,0.0,0.0
2025-06-18,22.58,22.97,22.5,22.89,3578400,0.0,0.0
2025-06-20,22.19,22.22,21.75,21.96,3739000,0.0,0.0
2025-06-23,21.65,21.75,21.54,21.75,1414500,0.0,0.0
2025-06-24,22.03,22.27,22.03,22.25,1219000,0.0,0.0
2025-06-25,22.8,22.98,22.56,22.74,3369500,0.0,0.0
2025-06-26,23.01,23.37,23.01,23.23,2448400,0.0,0.0
2025-06-27,23.63,23.69,23.41,23.64,2325100,0.0,0.0
2025-06-30,23.93,24.09,23.86,24.02,1706100,0.0,0.0
2025-07-01,23.5,23.5,23.06,23.11,1654100,0.0,0.0
2025-07-02,22.5,22.82,22.32,22.82,3639000,0.0,0.0
2025-07-03,22.71,22.87,22.55,22.75,387200,0.0,0.0
2025-07-07,22.57,22.81,22.36,22.54,1034900,0.0,0.0
2025-07-08,22.2,22.48,22.15,22.35,1183800,0.0,0.0
2025-07-09,22.15,22.32,22.05,22.13,955300,0.0,0.0
2025-07-10,21.45,21.76,21.41,21.73,709500,0.0,0.0
2025-07-11,21.46,21.51,21.36,21.4,1002800,0.0,0.0
2025-07-14,21.03,21.34,21.03,21.14,1198100,0.0,0.0
2025-07-15,21.32,21.34,20.99,20.99,866200,0.0,0.0
2025-07-16,21.15,21.7,21.08,21.69,2332100,0.0,0.0
2025-07-17,21.8,22.05,21.69,22.01,1525300,0.0,0.0
2025-07-18,21.81,21.98,21.71,21.95,4567500,0.0,0.0
2025-07-21,21.96,22.35,21.96,22.21,1757700,0.0,0.0
2025-07-22,21.88,21.88,21.64,21.65,5260200,0.0,0.0
2025-07-23,21.84,22.24,21.81,22.16,1134600,0.0,0.0
2025-07-24,22.36,22.45,22.25,22.27,1397500,0.0,0.0
2025-07-25,22.04,22.08,21.65,21.82,484100,0.0,0.0
2025-07-28,21.58,21.66,21.38,21.4,583100,0.0,0.0
2025-07-29,21.56,21.72,21.43,21.57,611700,0.0,0.0
2025-07-30,21.42,21.56,21.32,21.46,1341500,0.0,0.0
2025-07-31,21.18,21.27,20.97,21.0,1787200,0.0,0.0
2025-08-01,21.18,21.33,20.31,21.01,1752700,0.0,0.0
2025-08-04,22.31,22.69,22.28,22.63,1296300,0.0,0.0
2025-08-05,22.51,22.77,22.51,22.7,2369400,0.0,0.0
2025-08-06,22.74,22.96,22.62,22.95,954000,0.0,0.0
2025-08-07,23.23,23.47,23.23,23.47,2268700,0.0,0.0
2025-08-08,24.12,24.5,24.09,24.49,1565800,0.0,0.0
2025-08-11,24.49,24.52,24.21,24.28,912000,0.0,0.0
2025-08-12,23.82,24.08,23.82,23.84,2675900,0.0,0.0
2025-08-13,23.91,24.14,23.91,24.07,1498000,0.0,0.0
2025-08-14,24.02,24.22,23.94,24.15,664900,0.0,0.0
2025-08-15,24.22,24.46,24.22,24.43,1558900,0.0,0.0
2025-08-18,24.78,24.92,24.74,24.89,1010400,0.0,0.0
2025-08-19,24.28,24.28,23.99,24.14,769200,0.0,0.0
2025-08-20,23.27,23.49,23.22,23.29,992800,0.0,0.0
2025-08-21,23.11,23.19,23.0,23.12,467800,0.0,0.0
2025-08-22,23.01,23.7,23.01,23.59,1077300,0.0,0.0
2025-08-25,23.47,23.48,23.14,23.19,1036400,0.0,0.0
2025-08-26,23.07,23.07,22.83,22.92,495800,0.0,0.0
2025-08-27,22.5,22.61,22.39,22.56,638600,0.0,0.0
2025-08-28,22.57,22.94,22.57,22.84,1146500,0.0,0.0
2025-08-29,22.79,22.79,22.33,22.34,528000,0.0,0.0
2025-09-02,22.0,22.07,21.83,22.0,669600,0.0,0.0
2025-09-03,22.02,22.23,22.02,22.12,614500,0.0,0.0
2025-09-04,22.23,22.55,22.23,22.52,483200,0.0,0.0
2025-09-05,22.55,22.55,22.27,22.46,1350900,0.0,0.0
2025-09-08,23.31,23.5,23.16,23.49,653400,0.0,0.0
2025-09-09,23.41,23.42,23.1,23.4,1223500,0.0,0.0
2025-09-10,23.23,23.59,23.23,23.27,1489400,0.0,0.0
2025-09-11,23.74,24.29,23.74,24.25,2156400,0.0,0.0
2025-09-12,24.0,24.22,23.69,23.69,5253000,0.0,0.0
2025-09-15,24.06,24.11,23.51,23.85,5111900,0.0,0.0
2025-09-16,23.39,23.66,23.23,23.55,2850500,0.0,0.0
2025-09-17,23.2,23.2,22.45,22.72,1382600,0.0,0.0
2025-09-18,22.2,22.42,22.09,22.09,1294200,0.0,0.0
2025-09-19,21.57,21.86,21.55,21.84,1358600,0.0,0.0
2025-09-22,21.61,21.65,21.42,21.61,1216600,0.0,0.0
2025-09-23,21.5,21.67,21.5,21.55,576000,0.0,0.0
2025-09-24,21.92,22.07,21.82,21.88,677600,0.0,0.0
2025-09-25,21.48,21.6,21.3,21.31,825700,0.0,0.0
2025-09-26,21.47,21.74,21.47,21.66,722300,0.0,0.0
2025-09-29,21.55,21.66,21.4,21.57,687800,0.0,0.0
2025-09-30,21.49,21.59,21.3,21.34,1303800,0.0,0.0
2025-10-01,21.98,22.16,21.89,21.96,910800,0.0,0.0
2025-10-02,21.51,21.8,21.44,21.48,933700,0.0,0.0
2025-10-03,21.52,21.56,21.41,21.46,692200,0.0,0.0
2025-10-06,21.49,21.54,21.39,21.39,694500,0.0,0.0
2025-10-07,21.41,21.47,21.2,21.2,680700,0.0,0.0
2025-10-08,21.17,21.17,21.01,21.14,866700,0.0,0.0
2025-10-09,20.77,20.77,20.44,20.48,833200,0.0,0.0
2025-10-10,20.25,20.25,19.55,19.6,1688800,0.0,0.0
2025-10-13,20.0,20.09,19.76,19.84,960600,0.0,0.0
2025-10-14,20.46,20.58,20.2,20.45,1011400,0.0,0.0
2025-10-15,20.53,20.74,20.53,20.61,654300,0.0,0.0
2025-10-16,19.93,20.19,19.91,20.1,958800,0.0,0.0
2025-10-17,20.8,21.07,20.75,20.94,1151100,0.0,0.0
2025-10-20,21.41,21.46,21.26,21.3,887000,0.0,0.0
2025-10-21,21.89,21.89,21.65,21.71,1114300,0.0,0.0
2025-10-22,21.59,21.65,21.29,21.34,1092200,0.0,0.0
2025-10-23,21.35,21.47,21.23,21.34,713500,0.0,0.0
2025-10-24,21.08,21.08,20.85,20.9,1044300,0.0,0.0
2025-10-27,21.3,21.3,21.14,21.2,685800,0.0,0.0
2025-10-28,21.31,21.72,21.27,21.65,3446000,0.0,0.0
2025-10-29,21.46,21.46,21.04,21.15,1907900,0.0,0.0
2025-10-30,21.04,21.04,20.78,20.83,1279100,0.0,0.0
2025-10-31,21.0,21.57,21.0,21.44,1202600,0.0,0.0
2025-11-03,21.42,21.69,21.31,21.63,2043500,0.0,0.0
2025-11-04,22.25,22.75,22.04,22.14,2457800,0.0,0.0
2025-11-05,22.4,22.48,21.83,22.0,1952700,0.0,0.0
2025-11-06,22.78,22.89,22.47,22.61,1545100,0.0,0.0
2025-11-07,22.33,22.52,22.0,22.4,1290900,0.0,0.0
2025-11-10,21.85,21.95,21.58,21.93,577300,0.0,0.0
2025-11-11,21.86,22.18,21.86,22.12,1292000,0.0,0.0
2025-11-12,22.25,22.54,22.25,22.48,766400,0.0,0.0
2025-11-13,21.96,22.12,21.64,21.65,1139900,0.0,0.0
2025-11-14,21.24,22.6,21.23,21.86,1378500,0.0,0.0
2025-11-17,21.6,21.84,21.22,21.34,787200,0.0,0.0
2025-11-18,21.33,21.48,21.05,21.22,837700,0.0,0.0
2025-11-19,20.9,21.14,20.8,20.93,649700,0.0,0.0
2025-11-20,20.95,21.26,20.68,20.73,823500,0.0,0.0
2025-11-21,21.17,21.27,20.97,21.17,984700,0.0,0.0
2025-11-24,21.32,21.44,20.92,21.35,650200,0.0,0.0
2025-11-25,21.17,21.17,20.87,21.11,785200,0.0,0.0
2025-11-26,20.86,21.32,20.86,21.22,912400,0.0,0.0
2025-11-28,21.42,21.42,21.03,21.16,755600,0.0,0.0
2025-12-01,20.94,21.11,20.88,20.96,1005900,0.0,0.0
2025-12-02,20.72,20.75,20.49,20.59,952400,0.0,0.0
2025-12-03,20.1,20.51,20.1,20.28,1101300,0.0,0.0
2025-12-04,20.59,20.9,20.5,20.58,1003400,0.0,0.0
2025-12-05,20.07,20.29,19.83,19.94,3056600,0.0,0.0
2025-12-08,19.71,19.92,19.6,19.61,2218800,0.0,0.0
2025-12-09,18.89,19.07,18.84,18.9,2695200,0.0,0.0
2025-12-10,18.39,18.58,18.35,18.53,1799900,0.0,0.0
2025-12-11,18.43,18.68,18.42,18.6,1874500,0.0,0.0
2025-12-12,18.95,18.95,18.38,18.56,2040700,0.0,0.0
2025-12-15,18.5,18.68,18.29,18.32,1478500,0.0,0.0
2025-12-16,18.4,18.4,18.16,18.16,1966500,0.0,0.0
2025-12-17,18.0,18.02,17.62,17.65,2219300,0.0,0.0
2025-12-18,17.58,17.71,17.53,17.55,1660900,0.0,0.0
2025-12-19,17.1,17.19,16.95,17.01,2592900,0.0,0.0
2025-12-22,16.42,16.83,16.35,16.7,2862000,0.0,0.0
2025-12-23,16.8,16.87,16.72,16.75,202858,0.0,0.0
